INSERT INTO usuario (id, nombre_usuario) VALUES
(1, 'felipe rodríguez'),
(2, 'jade lópez'),
(3, 'carlos garcía'),
(4, 'ana gonzález'),
(5, 'luis rueda');
--
INSERT INTO curso (id, nombre_curso, id_usuario) VALUES
(1, 'matemáticas avanzadas', 1),
(2, 'física aplicada', 1),
(3, 'historia universal', 2),
(4, 'geografía física', 2),
(5, 'física cuántica', 3),
(6, 'química orgánica', 3),
(7, 'programación en python', 4),
(8, 'bases de datos', 4),
(9, 'biología molecular', 5),
(10, 'genética avanzada', 5);
--
INSERT INTO asignatura (id, nombre_asignatura, faltas_totales, id_curso) VALUES
(1, 'álgebra lineal', -1, 1),
(2, 'cálculo diferencial', -1, 1),
(3, 'termodinámica', -1, 2),
(4, 'electromagnetismo', -1, 2),
(5, 'edad media', -1, 3),
(6, 'historia contemporánea', -1, 3),
(7, 'geología', -1, 4),
(8, 'meteorología', -1, 4),
(9, 'mecánica clásica', -1, 5),
(10, 'física moderna', -1, 5),
(11, 'química inorgánica', -1, 6),
(12, 'bioquímica', -1, 6),
(13, 'estructuras de datos', -1, 7),
(14, 'programación orientada a objetos', -1, 7),
(15, 'modelado de datos', -1, 8),
(16, 'sql avanzado', -1, 8),
(17, 'biotecnología', -1, 9),
(18, 'microbiología', -1, 9),
(19, 'herencia genética', -1, 10),
(20, 'mutaciones y evolución', -1, 10);
--
INSERT INTO falta (id, horas_faltadas, motivo, cuenta_como_falta, fecha_falta, id_asignatura) VALUES
(1, 2, 'enfermedad', 'sí', '2024-03-01', 1),
(2, 1, 'tráfico', 'sí', '2024-03-02', 1),
(3, 3, 'viaje familiar', 'no', '2024-03-03', 2),
(4, 4, 'no despertó a tiempo', 'sí', '2024-03-04', 2),
(5, 1, 'cita médica', 'no', '2024-03-05', 3),
(6, 2, 'retraso en transporte', 'sí', '2024-03-06', 3),
(7, 3, 'problema personal', 'sí', '2024-03-07', 4),
(8, 2, 'falta justificada', 'no', '2024-03-08', 4),
(9, 1, 'corte de luz', 'sí', '2024-03-09', 5),
(10, 2, 'motivos de salud', 'no', '2024-03-10', 5),
(11, 3, 'evento familiar', 'sí', '2024-03-11', 6),
(12, 1, 'examen de otra materia', 'no', '2024-03-12', 6),
(13, 2, 'problema de transporte', 'sí', '2024-03-13', 7),
(14, 1, 'despiste', 'sí', '2024-03-14', 7),
(15, 3, 'viaje de emergencia', 'no', '2024-03-15', 8),
(16, 2, 'resfriado', 'sí', '2024-03-16', 8),
(17, 1, 'olvido del horario', 'sí', '2024-03-17', 9),
(18, 2, 'accidente menor', 'no', '2024-03-18', 9),
(19, 3, 'cita médica', 'sí', '2024-03-19', 10),
(20, 1, 'evento familiar', 'no', '2024-03-20', 10),
(21, 2, 'problemas personales', 'sí', '2024-03-21', 11),
(22, 3, 'reunión inesperada', 'no', '2024-03-22', 11),
(23, 1, 'tráfico', 'sí', '2024-03-23', 12),
(24, 2, 'fallo en transporte', 'no', '2024-03-24', 12),
(25, 3, 'enfermedad leve', 'sí', '2024-03-25', 13),
(26, 1, 'motivos personales', 'no', '2024-03-26', 13),
(27, 2, 'evento académico', 'sí', '2024-03-27', 14),
(28, 3, 'confusión de horario', 'no', '2024-03-28', 14),
(29, 1, 'resfriado', 'sí', '2024-03-29', 15),
(30, 2, 'fallecimiento de familiar', 'no', '2024-03-30', 15),
(31, 3, 'olvido del día', 'sí', '2024-03-31', 16),
(32, 1, 'evento inesperado', 'no', '2024-04-01', 16),
(33, 2, 'reunión importante', 'sí', '2024-04-02', 17),
(34, 3, 'examen de otra materia', 'no', '2024-04-03', 17),
(35, 1, 'tráfico', 'sí', '2024-04-04', 18),
(36, 2, 'motivo médico', 'no', '2024-04-05', 18),
(37, 3, 'viaje', 'sí', '2024-04-06', 19),
(38, 1, 'confusión de horario', 'no', '2024-04-07', 19),
(39, 2, 'compromiso familiar', 'sí', '2024-04-08', 20),
(40, 3, 'retraso en despertador', 'no', '2024-04-09', 20);